Name,Pay (USD millions),Year,Category
Oprah Winfrey,225.0,2005,Personalities
Mel Gibson,185.0,2005,Actors Actresses
George Lucas,290.0,2005,Directors/Producers
Steven Spielberg,80.0,2005,Directors/Producers
Johnny Depp,37.0,2005,Actors Actresses
Madonna,50.0,2005,Musicians
Elton John,44.0,2005,Musicians
Tom Cruise,31.0,2005,Actors Actresses
Brad Pitt,25.0,2005,Actors Actresses
Dan Brown,76.5,2005,Authors
Will Smith,35.0,2005,Actors Actresses
David Letterman,40.0,2005,Personalities
Will Ferrell,40.0,2005,Comedians
Sean (Diddy) Combs,36.0,2005,Musicians
Jay Leno,30.0,2005,Comedians
J.K. Rowling,59.1,2005,Authors
Metallica,37.4,2005,Musicians
Jennifer Lopez,17.0,2005,Musicians
Cast of Desperate Housewives,5.6,2005,Actors Actresses
Howard Stern,31.0,2005,Personalities
Rush Limbaugh,30.0,2005,Personalities
Shania Twain,34.0,2005,Musicians
Peter Jackson,47.0,2005,Directors/Producers
Denzel Washington,30.0,2005,Actors Actresses
Rod Stewart,31.0,2005,Musicians
Bette Midler,31.0,2005,Musicians
The Olsen Twins,21.0,2005,Actors Actresses
Jerry Bruckheimer,66.0,2005,Directors/Producers
Jennifer Aniston,18.5,2005,Actors Actresses
Julia Roberts,8.0,2005,Actors Actresses
Prince,49.7,2005,Musicians
David Copperfield,57.0,2005,Magicians
Tobey Maguire,32.0,2005,Actors Actresses
The Eagles,45.0,2005,Musicians
Ray Romano,36.5,2005,Comedians
Nicole Kidman,14.5,2005,Actors Actresses
Matt Damon,27.0,2005,Actors Actresses
Adam Sandler,28.0,2005,Actors Actresses
Lindsay Lohan,11.0,2005,Actors Actresses
Hilary Duff,15.0,2005,Actors Actresses
Paris Hilton,6.5,2005,Personalities
Bill Clinton,6.0,2005,Personalities
Drew Barrymore,22.0,2005,Actors Actresses
Van Halen,29.6,2005,Musicians
Jessica Simpson,8.0,2005,Actors Actresses
Sandra Bullock,10.5,2005,Actors Actresses
Cameron Diaz,13.0,2005,Actors Actresses
Regis Philbin,20.0,2005,Personalities
James Patterson,27.0,2005,Authors
Paul Harvey,30.0,2005,Personalities
Jennifer Garner,14.0,2005,Actors Actresses
Nora Roberts,28.8,2005,Authors
Judge Judy Sheindlin,28.0,2005,Personalities
Ellen DeGeneres,15.0,2005,Personalities
Naomi Watts,11.5,2005,Actors Actresses
Ashlee Simpson,5.3,2005,Musicians
Gisele Bündchen,15.2,2005,Models
Dave Chappelle,12.0,2005,Comedians
John Madden,17.0,2005,Personalities
Rudy Giuliani,5.0,2005,Personalities
Jack Welch,9.2,2005,Authors
Emeril Lagasse,9.0,2005,Personalities
Wolfgang Puck,12.0,2005,Personalities
Arthur Agatston,16.0,2005,Personalities
Heidi Klum,7.5,2005,Models
Kimora Lee Simmons,17.0,2005,Personalities
Patricia Heaton,9.0,2005,Actors Actresses
Kate Moss,5.0,2005,Models
Ken Jennings,3.2,2005,Personalities
Tyra Banks,6.0,2005,Personalities
Frankie Muniz,8.0,2005,Actors Actresses
Adriana Lima,4.5,2005,Models
David Blaine,2.0,2005,Magicians
Amanda Bynes,1.5,2005,Actors Actresses
Charlie Palmer,4.7,2005,Personalities
Steven Spielberg,332.0,2006,Directors/Producers
Howard Stern,302.0,2006,Personalities
George Lucas,235.0,2006,Directors/Producers
Oprah Winfrey,225.0,2006,Personalities
U2,110.0,2006,Musicians
Jerry Seinfeld,100.0,2006,Comedians
Rolling Stones,90.0,2006,Musicians
Dan Brown,88.0,2006,Authors
Jerry Bruckheimer,84.0,2006,Directors/Producers
J.K. Rowling,75.0,2006,Authors
The Eagles,70.0,2006,Musicians
Dick Wolf,70.0,2006,Directors/Producers
Tom Cruise,67.0,2006,Actors Actresses
Andrew Lloyd Webber,56.0,2006,Musicians
Bruce Springsteen,55.0,2006,Musicians
Cast of The Sopranos,52.0,2006,Actors Actresses
Dr. Phil McGraw,45.0,2006,Personalities
Donald Trump,44.0,2006,Personalities
Simon Cowell,43.0,2006,Personalities
50 Cent,41.0,2006,Musicians
Paul McCartney,40.0,2006,Musicians
David Letterman,40.0,2006,Personalities
Celine Dion,40.0,2006,Musicians
The Olsen Twins,40.0,2006,Actors Actresses
Peter Jackson,39.0,2006,Directors/Producers
Denzel Washington,38.0,2006,Actors Actresses
Neil Diamond,35.0,2006,Musicians
Elton John,34.0,2006,Musicians
Ray Romano,34.0,2006,Comedians
Jay Leno,32.0,2006,Comedians
Rush Limbaugh,30.0,2006,Personalities
Rod Stewart,30.0,2006,Musicians
Dave Matthews Band,30.0,2006,Musicians
Gisele Bündchen,30.0,2006,Models
Johnny Depp,29.0,2006,Actors Actresses
Tom Hanks,29.0,2006,Actors Actresses
Adam Sandler,29.0,2006,Actors Actresses
James Patterson,28.0,2006,Authors
Jodie Foster,27.0,2006,Actors Actresses
Brad Pitt,25.0,2006,Actors Actresses
Will Smith,25.0,2006,Actors Actresses
Rick Warren,25.0,2006,Authors
Leonardo DiCaprio,25.0,2006,Actors Actresses
Kiefer Sutherland,23.0,2006,Actors Actresses
Nicole Kidman,22.0,2006,Actors Actresses
Dave Chappelle,22.0,2006,Comedians
Renee Zellweger,21.0,2006,Actors Actresses
John Grisham,21.0,2006,Authors
Regis Philbin,21.0,2006,Personalities
Jim Carrey,20.0,2006,Comedians
Larry the Cable Guy,19.0,2006,Comedians
Jennifer Aniston,18.0,2006,Actors Actresses
Tyra Banks,18.0,2006,Personalities
Scarlett Johansson,16.0,2006,Actors Actresses
Halle Berry,16.0,2006,Actors Actresses
Sean (Diddy) Combs,16.0,2006,Musicians
Wolfgang Puck,16.0,2006,Personalities
Katie Couric,15.0,2006,Personalities
Cameron Diaz,15.0,2006,Actors Actresses
Cast of Desperate Housewives,14.0,2006,Actors Actresses
Angelina Jolie,14.0,2006,Actors Actresses
Jessica Simpson,14.0,2006,Actors Actresses
Diane Sawyer,12.0,2006,Personalities
George Lopez,12.0,2006,Comedians
Ryan Seacrest,12.0,2006,Personalities
Jennifer Lopez,10.0,2006,Musicians
Emeril Lagasse,10.0,2006,Personalities
Reese Witherspoon,9.0,2006,Actors Actresses
Bill O'Reilly,9.0,2006,Personalities
Matthew Broderick/Nathan Lane,9.0,2006,Actors Actresses
Eric Idle/Mike Nichols,9.0,2006,Comedians
Kate Moss,8.0,2006,Models
Paris Hilton,7.0,2006,Personalities
Heidi Klum,7.0,2006,Models
Rachael Ray,6.0,2006,Personalities
Ty Pennington,6.0,2006,Actors Actresses
Mel Brooks,5.0,2006,Directors/Producers
Mario Batali,5.0,2006,Personalities
Adriana Lima,4.0,2006,Models
Nicole Richie,2.0,2006,Personalities
Oprah Winfrey,260.0,2007,Personalities
Madonna,72.0,2007,Musicians
Rolling Stones,88.0,2007,Musicians
Brad Pitt,35.0,2007,Actors Actresses
Johnny Depp,92.0,2007,Actors Actresses
Elton John,53.0,2007,Musicians
Tom Cruise,31.0,2007,Actors Actresses
Jay-Z,83.0,2007,Musicians
Steven Spielberg,110.0,2007,Directors/Producers
Tom Hanks,74.0,2007,Actors Actresses
Grey's Anatomy cast,33.0,2007,Actors Actresses
Howard Stern,70.0,2007,Personalities
Angelina Jolie,20.0,2007,Actors Actresses
David Letterman,40.0,2007,Personalities
Bon Jovi,67.0,2007,Musicians
Donald Trump,32.0,2007,Personalities
Celine Dion,45.0,2007,Musicians
Simon Cowell,45.0,2007,Personalities
U2,30.0,2007,Musicians
Jay Leno,32.0,2007,Comedians
Nicole Kidman,28.0,2007,Actors Actresses
Ben Stiller,38.0,2007,Actors Actresses
Dr. Phil McGraw,30.0,2007,Personalities
50 Cent,33.0,2007,Musicians
Brian Grazer/Ron Howard,70.0,2007,Directors/Producers
Justin Timberlake,20.0,2007,Musicians
Rush Limbaugh,33.0,2007,Personalities
Tim McGraw,37.0,2007,Musicians
Jerry Bruckheimer,120.0,2007,Directors/Producers
George Clooney,25.0,2007,Actors Actresses
Jerry Seinfeld,60.0,2007,Comedians
Sean (Diddy) Combs,23.0,2007,Musicians
Jennifer Aniston,14.0,2007,Actors Actresses
Adam Sandler,30.0,2007,Actors Actresses
Cast of Desperate Housewives,16.0,2007,Actors Actresses
J.K. Rowling,32.0,2007,Authors
Matt Damon,24.0,2007,Actors Actresses
Gisele Bündchen,33.0,2007,Models
Vince Vaughn,25.0,2007,Actors Actresses
Bill Clinton,7.0,2007,Personalities
Gore Verbinski,37.0,2007,Directors/Producers
Will Smith,31.0,2007,Actors Actresses
Judge Judy Sheindlin,30.0,2007,Personalities
Jessica Simpson,7.0,2007,Actors Actresses
Tyra Banks,18.0,2007,Personalities
Anthony Robbins,30.0,2007,Actors Actresses
Cate Blanchett,13.0,2007,Actors Actresses
Regis Philbin,21.0,2007,Personalities
Sandra Bullock,10.0,2007,Actors Actresses
Rachael Ray,16.0,2007,Personalities
Alan Greenspan,16.0,2007,Personalities
Julia Roberts,9.0,2007,Actors Actresses
Keira Knightley,9.0,2007,Actors Actresses
Hilary Duff,12.0,2007,Actors Actresses
George Lopez,26.0,2007,Comedians
Kate Moss,9.0,2007,Models
Barbara Walters,12.0,2007,Personalities
Ryan Seacrest,14.0,2007,Personalities
Scarlett Johansson,5.0,2007,Actors Actresses
Jessica Alba,9.0,2007,Actors Actresses
Daniel Radcliffe,15.0,2007,Actors Actresses
Reese Witherspoon,7.0,2007,Actors Actresses
Larry the Cable Guy,20.0,2007,Comedians
Deepak Chopra,22.0,2007,Musicians
Heidi Klum,8.0,2007,Models
J.J. Abrams,17.0,2007,Directors/Producers
Dan Brown,10.0,2007,Authors
Emeril Lagasse,9.0,2007,Personalities
Wolfgang Puck,13.0,2007,Personalities
Dane Cook,9.0,2007,Comedians
Jack Welch,11.0,2007,Authors
John Grisham,9.0,2007,Authors
Jeff Foxworthy,10.0,2007,Comedians
Rhonda Byrne,12.0,2007,Authors
Dakota Fanning,4.0,2007,Actors Actresses
Mitch Albom,6.0,2007,Authors
Emma Watson,4.0,2007,Actors Actresses
Hayden Panettiere,2.0,2007,Actors Actresses
Paula Deen,4.0,2007,Personalities
Bobby Flay,2.0,2007,Personalities
Oprah Winfrey,275.0,2008,Personalities
Angelina Jolie,14.0,2008,Actors Actresses
Beyonce Knowles,80.0,2008,Musicians
Johnny Depp,72.0,2008,Actors Actresses
Jay-Z,82.0,2008,Musicians
The Police,115.0,2008,Musicians
J.K. Rowling,300.0,2008,Authors
Brad Pitt,20.0,2008,Actors Actresses
Will Smith,80.0,2008,Actors Actresses
Justin Timberlake,44.0,2008,Musicians
Steven Spielberg,130.0,2008,Directors/Producers
Cameron Diaz,50.0,2008,Actors Actresses
David Letterman,45.0,2008,Personalities
Jennifer Aniston,27.0,2008,Actors Actresses
Madonna,40.0,2008,Musicians
Simon Cowell,72.0,2008,Personalities
Jerry Seinfeld,85.0,2008,Comedians
50 Cent,150.0,2008,Musicians
Kanye West,30.0,2008,Musicians
Celine Dion,40.0,2008,Musicians
Bruce Willis,41.0,2008,Actors Actresses
Dr. Phil McGraw,40.0,2008,Personalities
Tom Cruise,13.0,2008,Actors Actresses
Jay Leno,32.0,2008,Comedians
Sean (Diddy) Combs,35.0,2008,Musicians
Stephen King,45.0,2008,Authors
Miley Cyrus,25.0,2008,Musicians
Judge Judy Sheindlin,45.0,2008,Personalities
Howard Stern,70.0,2008,Personalities
Tyler Perry,125.0,2008,Directors/Producers
Leonardo DiCaprio,45.0,2008,Actors Actresses
Donald Trump,30.0,2008,Personalities
George Lucas,50.0,2008,Directors/Producers
Keira Knightley,32.0,2008,Actors Actresses
Jerry Bruckheimer,145.0,2008,Directors/Producers
Nicolas Cage,38.0,2008,Actors Actresses
Spice Girls,21.0,2008,Musicians
Matt Damon,21.0,2008,Actors Actresses
Bon Jovi,25.0,2008,Musicians
Jennifer Lopez,7.0,2008,Musicians
Ben Stiller,40.0,2008,Actors Actresses
Nicole Kidman,13.0,2008,Actors Actresses
James Patterson,50.0,2008,Authors
Rush Limbaugh,33.0,2008,Personalities
Reese Witherspoon,25.0,2008,Actors Actresses
Ryan Seacrest,31.0,2008,Personalities
Gwen Stefani,27.0,2008,Musicians
Daniel Radcliffe,25.0,2008,Actors Actresses
Alicia Keys,15.0,2008,Musicians
Gisele Bündchen,35.0,2008,Models
Gwyneth Paltrow,25.0,2008,Actors Actresses
Tyra Banks,23.0,2008,Personalities
Eva Longoria,9.0,2008,Actors Actresses
Ellen DeGeneres,20.0,2008,Personalities
Sarah Jessica Parker,18.0,2008,Actors Actresses
Katherine Heigl,13.0,2008,Models
Regis Philbin,21.0,2008,Personalities
Tom Clancy,35.0,2008,Authors
Rachael Ray,18.0,2008,Personalities
Cate Blanchett,12.0,2008,Actors Actresses
Heidi Klum,14.0,2008,Models
Carrie Underwood,9.0,2008,Musicians
Jon Stewart,14.0,2008,Personalities
Judd Apatow,27.0,2008,Directors/Producers
Kate Moss,7.5,2008,Models
Patrick Dempsey,13.5,2008,Actors Actresses
Charlie Sheen,20.0,2008,Actors Actresses
Drew Carey,12.0,2008,Comedians
Steve Carell,5.0,2008,Comedians
Jonas Brothers,12.0,2008,Musicians
Howie Mandel,14.0,2008,Comedians
Wolfgang Puck,16.0,2008,Personalities
Zac Efron,5.8,2008,Actors Actresses
Ashley Tisdale,5.5,2008,Actors Actresses
Gordon Ramsay,7.5,2008,Personalities
Jennifer Love Hewitt,5.0,2008,Actors Actresses
Lauren Conrad,1.5,2008,Personalities
Vanessa Williams,4.5,2008,Actors Actresses
Tina Fey,4.6,2008,Actors Actresses
Paula Deen,4.5,2008,Personalities
Angelina Jolie,27.0,2009,Actors Actresses
Oprah Winfrey,275.0,2009,Personalities
Madonna,110.0,2009,Musicians
Beyonce Knowles,87.0,2009,Musicians
Bruce Springsteen,70.0,2009,Musicians
Steven Spielberg,150.0,2009,Directors/Producers
Jennifer Aniston,25.0,2009,Actors Actresses
Brad Pitt,28.0,2009,Actors Actresses
Will Smith,45.0,2009,Actors Actresses
Dr. Phil McGraw,80.0,2009,Personalities
Britney Spears,35.0,2009,Musicians
David Letterman,45.0,2009,Personalities
Coldplay,70.0,2009,Musicians
Adam Sandler,55.0,2009,Actors Actresses
Harrison Ford,65.0,2009,Actors Actresses
Tom Cruise,33.0,2009,Actors Actresses
Bon Jovi,50.0,2009,Musicians
Donald Trump,50.0,2009,Personalities
Rush Limbaugh,54.0,2009,Personalities
George Lucas,170.0,2009,Directors/Producers
Simon Cowell,75.0,2009,Personalities
Stephenie Meyer,50.0,2009,Authors
Miley Cyrus,25.0,2009,Musicians
Tyler Perry,75.0,2009,Directors/Producers
Kenny Chesney,65.0,2009,Musicians
Jay-Z,35.0,2009,Musicians
Clint Eastwood,35.0,2009,Directors/Producers
Howard Stern,70.0,2009,Personalities
Sean (Diddy) Combs,30.0,2009,Musicians
Jerry Seinfeld,85.0,2009,Comedians
Dave Matthews Band,65.0,2009,Musicians
Tom Hanks,35.0,2009,Actors Actresses
Ellen DeGeneres,35.0,2009,Personalities
Eddie Murphy,40.0,2009,Comedians
Rascal Flatts,60.0,2009,Musicians
Jay Leno,32.0,2009,Comedians
Ryan Seacrest,38.0,2009,Personalities
Nicolas Cage,40.0,2009,Actors Actresses
Kanye West,25.0,2009,Musicians
AC/DC,60.0,2009,Musicians
George Clooney,25.0,2009,Actors Actresses
Barack Obama,2.0,2009,Personalities
50 Cent,20.0,2009,Musicians
Brian Grazer/Ron Howard,45.0,2009,Directors/Producers
Jerry Bruckheimer,100.0,2009,Directors/Producers
Chris Rock,42.0,2009,Comedians
Jim Carrey,30.0,2009,Comedians
Sarah Jessica Parker,27.0,2009,Actors Actresses
Toby Keith,52.0,2009,Musicians
Jonas Brothers,25.0,2009,Musicians
James Patterson,60.0,2009,Authors
Meryl Streep,24.0,2009,Actors Actresses
Larry David,55.0,2009,Comedians
Stephen King,30.0,2009,Authors
Taylor Swift,18.0,2009,Musicians
Daniel Radcliffe,25.0,2009,Actors Actresses
Reese Witherspoon,15.0,2009,Actors Actresses
Gisele Bündchen,25.0,2009,Models
Cameron Diaz,20.0,2009,Actors Actresses
Nicole Kidman,9.0,2009,Actors Actresses
Carrie Underwood,14.0,2009,Musicians
Heidi Klum,16.0,2009,Models
Rachael Ray,15.0,2009,Personalities
David Copperfield,30.0,2009,Magicians
Glenn Beck,23.0,2009,Personalities
Katherine Heigl,18.0,2009,Models
Jon Stewart,14.0,2009,Personalities
Jeff Dunham,30.0,2009,Comedians
Anne Hathaway,7.0,2009,Actors Actresses
Tina Fey,7.0,2009,Actors Actresses
Drew Barrymore,12.0,2009,Actors Actresses
Charlie Sheen,21.0,2009,Actors Actresses
Eva Longoria,9.0,2009,Actors Actresses
Alec Baldwin,8.0,2009,Actors Actresses
Sandra Bullock,17.0,2009,Actors Actresses
Steve Carell,20.0,2009,Comedians
Hugh Laurie,10.0,2009,Actors Actresses
Wolfgang Puck,18.0,2009,Personalities
Penn & Teller,20.0,2009,Magicians
Kate Moss,8.0,2009,Models
Mariska Hargitay,8.0,2009,Actors Actresses
Jennifer Love Hewitt,6.0,2009,Actors Actresses
Oprah Winfrey,315.0,2010,Personalities
Beyonce Knowles,87.0,2010,Musicians
James Cameron,210.0,2010,Directors/Producers
Lady Gaga,62.0,2010,Musicians
Britney Spears,64.0,2010,Musicians
U2,130.0,2010,Musicians
Sandra Bullock,56.0,2010,Actors Actresses
Johnny Depp,75.0,2010,Actors Actresses
Madonna,58.0,2010,Musicians
Simon Cowell,80.0,2010,Personalities
Taylor Swift,45.0,2010,Musicians
Miley Cyrus,48.0,2010,Musicians
Jay-Z,63.0,2010,Musicians
Black Eyed Peas,48.0,2010,Musicians
Bruce Springsteen,70.0,2010,Musicians
Angelina Jolie,20.0,2010,Actors Actresses
Rush Limbaugh,58.5,2010,Personalities
Dr. Phil McGraw,80.0,2010,Personalities
Steven Spielberg,100.0,2010,Directors/Producers
Ellen DeGeneres,55.0,2010,Personalities
David Letterman,45.0,2010,Personalities
Tyler Perry,125.0,2010,Directors/Producers
Jennifer Aniston,27.0,2010,Actors Actresses
Pink,44.0,2010,Musicians
Brad Pitt,20.0,2010,Actors Actresses
Michael Bay,120.0,2010,Directors/Producers
Donald Trump,50.0,2010,Personalities
Jay Leno,35.0,2010,Comedians
Coldplay,48.0,2010,Musicians
Jerry Seinfeld,75.0,2010,Comedians
AC/DC,114.0,2010,Musicians
Howard Stern,70.0,2010,Personalities
Jonas Brothers,35.5,2010,Musicians
Tom Hanks,45.0,2010,Actors Actresses
George Lucas,95.0,2010,Directors/Producers
Glenn Beck,35.0,2010,Personalities
Ryan Seacrest,51.0,2010,Personalities
Ben Stiller,53.0,2010,Actors Actresses
Jerry Bruckheimer,100.0,2010,Directors/Producers
Robert Pattinson,17.0,2010,Actors Actresses
Conan O'Brien,38.0,2010,Personalities
James Patterson,70.0,2010,Authors
Kenny Chesney,50.0,2010,Musicians
Tom Cruise,22.0,2010,Actors Actresses
Adam Sandler,40.0,2010,Actors Actresses
George Clooney,19.0,2010,Actors Actresses
Stephenie Meyer,40.0,2010,Authors
Cameron Diaz,32.0,2010,Actors Actresses
Rascal Flatts,45.0,2010,Musicians
Charlie Sheen,30.0,2010,Actors Actresses
Kristen Stewart,12.0,2010,Actors Actresses
Toby Keith,48.0,2010,Musicians
Sean (Diddy) Combs,30.0,2010,Musicians
Stephen King,34.0,2010,Authors
Sarah Jessica Parker,25.0,2010,Actors Actresses
Leonardo DiCaprio,28.0,2010,Actors Actresses
Judge Judy Sheindlin,45.0,2010,Personalities
Robert Downey Jr.,22.0,2010,Actors Actresses
Lil Wayne,20.0,2010,Musicians
Reese Witherspoon,32.0,2010,Actors Actresses
Keith Urban,27.5,2010,Musicians
Julia Roberts,20.0,2010,Actors Actresses
Steve Carell,34.0,2010,Comedians
Meryl Streep,13.0,2010,Actors Actresses
Akon,21.0,2010,Musicians
Daniel Radcliffe,25.0,2010,Actors Actresses
Ray Romano,35.0,2010,Comedians
Gisele Bündchen,25.0,2010,Models
Heidi Klum,16.0,2010,Models
Drew Barrymore,15.0,2010,Actors Actresses
Alec Baldwin,8.5,2010,Actors Actresses
Kiefer Sutherland,20.0,2010,Actors Actresses
Tina Fey,7.5,2010,Actors Actresses
Kate Moss,9.0,2010,Models
Eva Longoria,12.0,2010,Actors Actresses
Jeff Dunham,22.5,2010,Comedians
George Lopez,18.0,2010,Comedians
Katherine Heigl,15.5,2010,Models
Kate Hudson,11.0,2010,Actors Actresses
Chelsea Handler,19.0,2010,Comedians
Jennifer Love Hewitt,6.5,2010,Actors Actresses
Mariska Hargitay,9.5,2010,Actors Actresses
Lady Gaga,90.0,2011,Musicians
Oprah Winfrey,290.0,2011,Personalities
Justin Bieber,53.0,2011,Musicians
U2,195.0,2011,Musicians
Elton John,100.0,2011,Musicians
Taylor Swift,45.0,2011,Musicians
Bon Jovi,125.0,2011,Musicians
Simon Cowell,90.0,2011,Personalities
Angelina Jolie,30.0,2011,Actors Actresses
Katy Perry,44.0,2011,Musicians
Johnny Depp,50.0,2011,Actors Actresses
Leonardo DiCaprio,77.0,2011,Actors Actresses
Black Eyed Peas,61.0,2011,Musicians
Donald Trump,60.0,2011,Personalities
Dr. Phil McGraw,80.0,2011,Personalities
Tyler Perry,130.0,2011,Directors/Producers
Paul McCartney,67.0,2011,Musicians
Jennifer Aniston,28.0,2011,Actors Actresses
Steven Spielberg,107.0,2011,Directors/Producers
Rush Limbaugh,64.0,2011,Personalities
Ryan Seacrest,61.0,2011,Personalities
Howard Stern,76.0,2011,Personalities
James Cameron,70.0,2011,Directors/Producers
Charlie Sheen,40.0,2011,Actors Actresses
Beyonce Knowles,35.0,2011,Musicians
Glenn Beck,40.0,2011,Personalities
Ellen DeGeneres,45.0,2011,Personalities
Usher,46.0,2011,Musicians
David Letterman,45.0,2011,Personalities
Muse,35.0,2011,Musicians
James Patterson,84.0,2011,Authors
Jay-Z,37.0,2011,Musicians
Jerry Bruckheimer,113.0,2011,Directors/Producers
Jerry Seinfeld,70.0,2011,Comedians
Adam Sandler,40.0,2011,Actors Actresses
Bethenny Frankel,55.0,2011,Personalities
Sandra Bullock,15.0,2011,Actors Actresses
Brad Pitt,20.0,2011,Actors Actresses
Christopher Nolan,53.0,2011,Directors/Producers
Brad Paisley,40.0,2011,Musicians
Jennifer Lopez,25.0,2011,Musicians
Toby Keith,50.0,2011,Musicians
Sean (Diddy) Combs,35.0,2011,Musicians
Robert Pattinson,20.0,2011,Actors Actresses
Dick Wolf,70.0,2011,Directors/Producers
Jay Leno,32.0,2011,Comedians
Tom Hanks,35.0,2011,Actors Actresses
Gisele Bündchen,45.0,2011,Models
Tim McGraw,35.0,2011,Musicians
Kristen Stewart,20.0,2011,Actors Actresses
Reese Witherspoon,28.0,2011,Actors Actresses
Will Smith,36.0,2011,Actors Actresses
Robert Downey Jr.,31.0,2011,Actors Actresses
Mark Burnett,45.0,2011,Directors/Producers
Ben Stiller,34.0,2011,Actors Actresses
Julia Roberts,20.0,2011,Actors Actresses
Eminem,14.0,2011,Musicians
Sarah Jessica Parker,30.0,2011,Actors Actresses
Mark Wahlberg,28.0,2011,Actors Actresses
Natalie Portman,8.0,2011,Actors Actresses
Kanye West,16.0,2011,Musicians
Chuck Lorre,35.0,2011,Directors/Producers
Danielle Steel,35.0,2011,Authors
Stephen King,28.0,2011,Authors
Cameron Diaz,18.0,2011,Actors Actresses
Eva Longoria,13.0,2011,Actors Actresses
Heidi Klum,20.0,2011,Models
Lil Wayne,15.0,2011,Musicians
Steve Carell,15.0,2011,Comedians
Jeff Dunham,20.0,2011,Comedians
Katherine Heigl,19.0,2011,Models
Stephenie Meyer,21.0,2011,Authors
Larry the Cable Guy,20.0,2011,Comedians
Tina Fey,13.0,2011,Actors Actresses
Courteney Cox,7.0,2011,Actors Actresses
Kate Moss,13.0,2011,Models
Ray Romano,20.0,2011,Comedians
Hugh Laurie,9.0,2011,Actors Actresses
Mark Harmon,13.0,2011,Actors Actresses
Teri Hatcher,9.0,2011,Actors Actresses
Mariska Hargitay,10.0,2011,Actors Actresses
Jennifer Lopez,52.0,2012,Musicians
Oprah Winfrey,165.0,2012,Personalities
Justin Bieber,55.0,2012,Musicians
Rihanna,53.0,2012,Musicians
Lady Gaga,52.0,2012,Musicians
Britney Spears,58.0,2012,Musicians
Kim Kardashian,18.0,2012,Personalities
Katy Perry,45.0,2012,Musicians
Tom Cruise,75.0,2012,Actors Actresses
Steven Spielberg,130.0,2012,Directors/Producers
Taylor Swift,57.0,2012,Musicians
Angelina Jolie,20.0,2012,Actors Actresses
Donald Trump,63.0,2012,Personalities
Beyonce Knowles,40.0,2012,Musicians
Elton John,80.0,2012,Musicians
Simon Cowell,90.0,2012,Personalities
Rush Limbaugh,69.0,2012,Personalities
Tyler Perry,105.0,2012,Directors/Producers
Paul McCartney,57.0,2012,Musicians
Jennifer Aniston,11.0,2012,Actors Actresses
Glenn Beck,80.0,2012,Personalities
Adele,35.0,2012,Musicians
Bon Jovi,60.0,2012,Musicians
Dr. Dre,110.0,2012,Musicians
Brad Pitt,25.0,2012,Actors Actresses
Ryan Seacrest,59.0,2012,Personalities
Howard Stern,95.0,2012,Personalities
Ellen DeGeneres,53.0,2012,Personalities
Michael Bay,160.0,2012,Directors/Producers
George Lucas,90.0,2012,Directors/Producers
James Patterson,94.0,2012,Authors
Jay-Z,38.0,2012,Musicians
Jerry Bruckheimer,115.0,2012,Directors/Producers
David Letterman,45.0,2012,Personalities
Sean (Diddy) Combs,45.0,2012,Musicians
Kristen Stewart,34.0,2012,Actors Actresses
Kanye West,35.0,2012,Musicians
Leonardo DiCaprio,37.0,2012,Actors Actresses
Toby Keith,55.0,2012,Musicians
Ashton Kutcher,24.0,2012,Actors Actresses
Kenny Chesney,44.0,2012,Musicians
Dick Wolf,70.0,2012,Directors/Producers
Sandra Bullock,25.0,2012,Actors Actresses
Johnny Depp,30.0,2012,Actors Actresses
Adam Sandler,37.0,2012,Actors Actresses
Will Smith,30.0,2012,Actors Actresses
Cameron Diaz,34.0,2012,Actors Actresses
Gisele Bündchen,45.0,2012,Models
Mark Burnett,55.0,2012,Directors/Producers
Jerry Seinfeld,40.0,2012,Comedians
Tom Hanks,26.0,2012,Actors Actresses
Stephen King,39.0,2012,Authors
Taylor Lautner,26.0,2012,Actors Actresses
Brad Paisley,32.0,2012,Musicians
Lil Wayne,27.0,2012,Musicians
Dwayne Johnson,36.0,2012,Actors Actresses
Ben Stiller,33.0,2012,Actors Actresses
Khloe Kardashian Odom,11.0,2012,Personalities
Seth MacFarlane,36.0,2012,Directors/Producers
Charlize Theron,18.0,2012,Actors Actresses
Sofia Vergara,19.0,2012,Actors Actresses
Alec Baldwin,15.0,2012,Actors Actresses
Janet Evanovich,33.0,2012,Authors
Julia Roberts,16.0,2012,Actors Actresses
Eva Longoria,15.0,2012,Actors Actresses
John Grisham,26.0,2012,Authors
Meryl Streep,12.0,2012,Actors Actresses
Tiesto,23.0,2012,Musicians
J.K. Rowling,17.0,2012,Authors
Sarah Jessica Parker,15.0,2012,Actors Actresses
Hugh Laurie,18.0,2012,Actors Actresses
Reese Witherspoon,9.0,2012,Actors Actresses
Jeff Dunham,22.0,2012,Comedians
Larry the Cable Guy,18.0,2012,Comedians
Skrillex,15.0,2012,Musicians
Tina Fey,11.0,2012,Actors Actresses
Kate Moss,9.0,2012,Models
Ray Romano,18.0,2012,Comedians
Zooey Deschanel,9.0,2012,Actors Actresses
Bethenny Frankel,12.0,2012,Personalities
Tim Allen,14.0,2012,Actors Actresses
Melissa McCarthy,6.0,2012,Actors Actresses
Adriana Lima,7.0,2012,Models
Oprah Winfrey,77.0,2013,Personalities
Lady Gaga,80.0,2013,Musicians
Steven Spielberg,100.0,2013,Directors/Producers
Beyonce Knowles,53.0,2013,Musicians
Madonna,125.0,2013,Musicians
Taylor Swift,55.0,2013,Musicians
Bon Jovi,79.0,2013,Musicians
Justin Bieber,58.0,2013,Musicians
Ellen DeGeneres,56.0,2013,Personalities
Hugh Jackman,55.0,2013,Actors Actresses
Jennifer Lopez,45.0,2013,Musicians
Rihanna,43.0,2013,Musicians
Coldplay,64.0,2013,Musicians
Simon Cowell,95.0,2013,Personalities
Katy Perry,39.0,2013,Musicians
Robert Downey Jr.,75.0,2013,Actors Actresses
Leonardo DiCaprio,39.0,2013,Actors Actresses
Tyler Perry,78.0,2013,Directors/Producers
Channing Tatum,60.0,2013,Actors Actresses
Dwayne Johnson,46.0,2013,Actors Actresses
Ryan Seacrest,61.0,2013,Personalities
Tom Cruise,35.0,2013,Actors Actresses
Mark Wahlberg,52.0,2013,Actors Actresses
Seth MacFarlane,55.0,2013,Directors/Producers
Donald Trump,63.0,2013,Personalities
Jay-Z,42.0,2013,Musicians
Dr. Phil McGraw,72.0,2013,Personalities
Glenn Beck,90.0,2013,Personalities
Will Smith,23.0,2013,Actors Actresses
Ben Affleck,25.0,2013,Actors Actresses
Rush Limbaugh,66.0,2013,Personalities
David Letterman,42.0,2013,Personalities
Adam Sandler,37.0,2013,Actors Actresses
Angelina Jolie,33.0,2013,Actors Actresses
E.L. James,95.0,2013,Authors
Toby Keith,65.0,2013,Musicians
James Patterson,91.0,2013,Authors
Howard Stern,95.0,2013,Personalities
Carrie Underwood,31.0,2013,Musicians
Kenny Chesney,53.0,2013,Musicians
Jennifer Lawrence,26.0,2013,Actors Actresses
Ashton Kutcher,24.0,2013,Actors Actresses
Sofia Vergara,30.0,2013,Actors Actresses
Peter Jackson,50.0,2013,Directors/Producers
Jon Stewart,16.0,2013,Personalities
Jerry Bruckheimer,80.0,2013,Directors/Producers
Kanye West,20.0,2013,Musicians
Jerry Seinfeld,32.0,2013,Comedians
Michael Bay,82.0,2013,Directors/Producers
Dr. Dre,40.0,2013,Musicians
Jennifer Aniston,20.0,2013,Actors Actresses
Kim Kardashian,10.0,2013,Personalities
Charlie Sheen,10.0,2013,Actors Actresses
Calvin Harris,46.0,2013,Musicians
Rachael Ray,30.0,2013,Personalities
Kristen Stewart,22.0,2013,Actors Actresses
Gwyneth Paltrow,10.0,2013,Actors Actresses
Sean Hannity,30.0,2013,Personalities
Meryl Streep,7.0,2013,Actors Actresses
David Guetta,30.0,2013,Musicians
Stephen King,20.0,2013,Authors
Christopher Nolan,40.0,2013,Directors/Producers
Gordon Ramsay,38.0,2013,Personalities
Tina Fey,10.0,2013,Actors Actresses
Mark Burnett,63.0,2013,Directors/Producers
Gisele Bündchen,42.0,2013,Models
J.K. Rowling,13.0,2013,Authors
Alec Baldwin,8.0,2013,Actors Actresses
Emma Stone,16.0,2013,Actors Actresses
Charlize Theron,15.0,2013,Actors Actresses
Neil Patrick Harris,15.0,2013,Actors Actresses
Suzanne Collins,55.0,2013,Authors
Mila Kunis,11.0,2013,Actors Actresses
Sandra Bullock,14.0,2013,Actors Actresses
Amy Poehler,7.0,2013,Actors Actresses
George Lopez,12.0,2013,Comedians
Ray Romano,16.0,2013,Comedians
Kevin Hart,14.0,2013,Comedians
Zooey Deschanel,6.0,2013,Actors Actresses
Louis C.K.,16.0,2013,Comedians
Melissa McCarthy,10.0,2013,Actors Actresses
Joss Whedon,25.0,2013,Directors/Producers
Miranda Kerr,7.0,2013,Models
Beyonce Knowles,115.0,2014,Musicians
Dr. Dre,620.0,2014,Musicians
Oprah Winfrey,82.0,2014,Personalities
Ellen DeGeneres,70.0,2014,Personalities
Jay-Z,60.0,2014,Musicians
Rihanna,48.0,2014,Musicians
Katy Perry,40.0,2014,Musicians
Robert Downey Jr.,75.0,2014,Actors Actresses
Steven Spielberg,100.0,2014,Directors/Producers
Jennifer Lawrence,34.0,2014,Actors Actresses
Bon Jovi,82.0,2014,Musicians
Bruno Mars,60.0,2014,Musicians
Miley Cyrus,36.0,2014,Musicians
Tylor Swift,64.0,2014,Musicians
Lady Gaga,33.0,2014,Musicians
Kanye West,30.0,2014,Musicians
Calvin Harris,66.0,2014,Musicians
Dwayne Johnson,52.0,2014,Actors Actresses
Bruce Springsteen,81.0,2014,Musicians
The Eagles,100.0,2014,Musicians
Justin Timberlake,57.0,2014,Musicians
One Direction,75.0,2014,Musicians
Paul McCartney,71.0,2014,Musicians
Sean (Diddy) Combs,60.0,2014,Musicians
Ryan Seacrest,65.0,2014,Personalities
Justin Bieber,80.0,2014,Musicians
Jennifer Lopez,37.0,2014,Musicians
Sandra Bullock,51.0,2014,Actors Actresses
James Patterson,90.0,2014,Authors
Pharrell Williams,22.0,2014,Musicians
Glenn Beck,90.0,2014,Personalities
Mark Burnett,86.0,2014,Directors/Producers
Simon Cowell,95.0,2014,Personalities
Jimmy Fallon,12.0,2014,Personalities
Avicii,28.0,2014,Musicians
Bradley Cooper,46.0,2014,Actors Actresses
Peter Jackson,50.0,2014,Directors/Producers
Michael Bay,66.0,2014,Directors/Producers
Toby Keith,65.0,2014,Musicians
Leonardo DiCaprio,39.0,2014,Actors Actresses
Matthew McConaughey,21.0,2014,Actors Actresses
Sofia Vergara,37.0,2014,Actors Actresses
Gisele Bündchen,47.0,2014,Models
Tyler Perry,70.0,2014,Directors/Producers
Gordon Ramsay,47.0,2014,Personalities
Rush Limbaugh,66.0,2014,Personalities
Jon Stewart,16.0,2014,Personalities
Mark Wahlberg,32.0,2014,Actors Actresses
Howard Stern,95.0,2014,Personalities
Hugh Jackman,18.0,2014,Actors Actresses
Ashton Kutcher,26.0,2014,Actors Actresses
Vin Diesel,25.0,2014,Actors Actresses
Ben Affleck,35.0,2014,Actors Actresses
Joss Whedon,32.0,2014,Directors/Producers
Kenny Chesney,44.0,2014,Musicians
J.J. Abrams,28.0,2014,Directors/Producers
Neil Patrick Harris,18.0,2014,Actors Actresses
Angelina Jolie,18.0,2014,Actors Actresses
Kevin Spacey,16.0,2014,Actors Actresses
Will Smith,32.0,2014,Actors Actresses
Scarlett Johansson,17.0,2014,Actors Actresses
Jennifer Aniston,31.0,2014,Actors Actresses
Dan Brown,28.0,2014,Authors
John Green,9.0,2014,Authors
Kim Kardashian,28.0,2014,Personalities
Amy Adams,13.0,2014,Actors Actresses
Stephen King,17.0,2014,Authors
Dr. Phil McGraw,77.0,2014,Personalities
J.K. Rowling,14.0,2014,Authors
Sean Hannity,30.0,2014,Personalities
Seth MacFarlane,35.0,2014,Directors/Producers
Bryan Cranston,7.0,2014,Actors Actresses
Jon Hamm,10.0,2014,Actors Actresses
Gwyneth Paltrow,19.0,2014,Actors Actresses
Kate Moss,7.0,2014,Models
Meryl Streep,10.0,2014,Actors Actresses
Kerry Washington,6.0,2014,Actors Actresses
Kate Upton,7.0,2014,Models
Veronica Roth,17.0,2014,Authors
Zooey Deschanel,6.0,2014,Actors Actresses
Cameron Diaz,18.0,2014,Actors Actresses
Katy Perry,135.0,2015,Musicians
One Direction,130.0,2015,Musicians
Howard Stern,95.0,2015,Personalities
Garth Brooks,90.0,2015,Musicians
James Patterson,89.0,2015,Authors
Robert Downey Jr.,80.0,2015,Actors Actresses
Taylor Swift,80.0,2015,Musicians
Rush Limbaugh,79.0,2015,Personalities
Ellen DeGeneres,75.0,2015,Personalities
The Eagles,73.5,2015,Musicians
Dr. Phil McGraw,70.0,2015,Personalities
Calvin Harris,66.0,2015,Musicians
Justin Timberlake,63.5,2015,Musicians
David Copperfield,63.0,2015,Magicians
Sean (Diddy) Combs,60.0,2015,Musicians
Gordon Ramsay,60.0,2015,Personalities
Ryan Seacrest,60.0,2015,Personalities
Fleetwood Mac,59.5,2015,Musicians
Lady Gaga,59.0,2015,Musicians
Rolling Stones,57.5,2015,Musicians
Ed Sheeran,57.0,2015,Musicians
Jay-Z,56.0,2015,Musicians
Beyonce Knowles,54.5,2015,Musicians
Elton John,53.5,2015,Musicians
Toby Keith,53.0,2015,Musicians
Kim Kardashian,52.5,2015,Personalities
Jennifer Lawrence,52.0,2015,Actors Actresses
Paul McCartney,51.5,2015,Musicians
Jackie Chan,50.0,2015,Actors Actresses
Vin Diesel,47.0,2015,Actors Actresses
Judy Sheindlin,47.0,2015,Personalities
Michael Bublé,45.5,2015,Musicians
Gisele Bündchen,44.0,2015,Models
Jason Aldean,43.5,2015,Musicians
Luke Bryan,42.5,2015,Musicians
Kenny Chesney,42.0,2015,Musicians
Bradley Cooper,41.5,2015,Actors Actresses
Adam Sandler,41.0,2015,Actors Actresses
Tom Cruise,40.0,2015,Actors Actresses
Bruno Mars,40.0,2015,Musicians
Drake,39.5,2015,Musicians
Foo Fighters,38.0,2015,Musicians
Tim McGraw,38.0,2015,Musicians
David Guetta,37.0,2015,Musicians
Adam Sandler,41.0,2015,Actors Actresses
Tom Cruise,40.0,2015,Actors Actresses
Bruno Mars,40.0,2015,Musicians
Drake,39.5,2015,Musicians
Foo Fighters,38.0,2015,Musicians
Tim McGraw,38.0,2015,Musicians
David Guetta,37.0,2015,Musicians
Florida Georgia Line,36.5,2015,Musicians
Jimmy Buffett,36.0,2015,Musicians
Jerry Seinfeld,36.0,2015,Comedians
Tiesto,36.0,2015,Musicians
Scarlett Johansson,35.5,2015,Actors Actresses
David Letterman,35.0,2015,Personalities
Amitabh Bachchan,33.5,2015,Actors Actresses
Salman Khan,33.5,2015,Actors Actresses
Maroon 5,33.0,2015,Musicians
Dr. Dre,33.0,2015,Musicians
Akshay Kumar,32.5,2015,Actors Actresses
Zac Brown Band,32.0,2015,Musicians
Mark Wahlberg,32.0,2015,Actors Actresses
Pharrell Williams,32.0,2015,Musicians
Dwayne Johnson,31.5,2015,Actors Actresses
Eminem,31.0,2015,Musicians
Britney Spears,31.0,2015,Musicians
Johnny Depp,30.0,2015,Actors Actresses
Leonardo DiCaprio,29.0,2015,Actors Actresses
Sean Hannity,29.0,2015,Personalities
Jim Parsons,29.0,2015,Actors Actresses
Channing Tatum,29.0,2015,Actors Actresses
Kaley Cuoco-Sweeting,28.5,2015,Actors Actresses
Kevin Hart,28.5,2015,Comedians
Miranda Lambert,28.5,2015,Musicians
Jennifer Lopez,28.5,2015,Musicians
Blake Shelton,28.5,2015,Musicians
Sofia Vergara,28.5,2015,Actors Actresses
Taylor Swift,170.0,2016,Musicians
One Direction,110.0,2016,Musicians
James Patterson,95.0,2016,Authors
Dr. Phil McGraw,88.0,2016,Personalities
Kevin Hart,87.5,2016,Comedians
Howard Stern,85.0,2016,Personalities
Adele,80.5,2016,Musicians
Rush Limbaugh,79.0,2016,Personalities
Madonna,76.5,2016,Musicians
Ellen DeGeneres,75.0,2016,Personalities
Rihanna,75.0,2016,Musicians
Garth Brooks,70.0,2016,Musicians
AC/DC,67.5,2016,Musicians
Rolling Stones,66.5,2016,Musicians
Dwayne Johnson,64.5,2016,Actors Actresses
David Copperfield,64.0,2016,Magicians
Calvin Harris,63.0,2016,Musicians
Sean (Diddy) Combs,62.0,2016,Musicians
Jackie Chan,61.0,2016,Actors Actresses
Bruce Springsteen,60.5,2016,Musicians
Paul McCartney,56.5,2016,Musicians
Justin Bieber,56.0,2016,Musicians
Kenny Chesney,56.0,2016,Musicians
Matt Damon,55.0,2016,Actors Actresses
Ryan Seacrest,55.0,2016,Personalities
U2,55.0,2016,Musicians
The Weeknd,55.0,2016,Musicians
Beyonce Knowles,54.0,2016,Musicians
Gordon Ramsay,54.0,2016,Personalities
Jay-Z,53.5,2016,Musicians
Luke Bryan,53.0,2016,Musicians
Tom Cruise,53.0,2016,Actors Actresses
Kim Kardashian,51.0,2016,Personalities
Muse,49.0,2016,Musicians
Foo Fighters,48.5,2016,Musicians
Johnny Depp,48.0,2016,Actors Actresses
Toby Keith,47.5,2016,Musicians
Judy Sheindlin,47.0,2016,Personalities
Jennifer Lawrence,46.0,2016,Actors Actresses
Bigbang,44.0,2016,Musicians
Jerry Seinfeld,43.5,2016,Comedians
Ben Affleck,43.0,2016,Actors Actresses
Sofia Vergara,43.0,2016,Actors Actresses
Bigbang,44.0,2016,Musicians
Jerry Seinfeld,43.5,2016,Comedians
Ben Affleck,43.0,2016,Actors Actresses
Sofia Vergara,43.0,2016,Actors Actresses
Elton John,42.0,2016,Musicians
Dr. Dre,41.0,2016,Musicians
Katy Perry,41.0,2016,Musicians
Jimmy Buffett,40.5,2016,Musicians
Mumford & Sons,40.0,2016,Musicians
Jennifer Lopez,39.5,2016,Musicians
Drake,38.5,2016,Musicians
Tiesto,38.0,2016,Musicians
Jason Aldean,36.5,2016,Musicians
Vin Diesel,35.0,2016,Actors Actresses
Maroon 5,33.5,2016,Musicians
Ed Sheeran,33.5,2016,Musicians
Robert Downey Jr.,33.0,2016,Actors Actresses
Shah Rukh Khan,33.0,2016,Actors Actresses
Dave Matthews Band,33.0,2016,Musicians
Melissa McCarthy,33.0,2016,Actors Actresses
Akshay Kumar,31.5,2016,Actors Actresses
Penn & Teller,31.5,2016,Magicians
Brad Pitt,31.5,2016,Actors Actresses
Gisele Bündchen,30.5,2016,Models
Britney Spears,30.5,2016,Musicians
Sean (Diddy) Combs,130.0,2017,Musicians
Beyonce Knowles,105.0,2017,Musicians
J.K. Rowling,95.0,2017,Authors
Drake,94.0,2017,Musicians
The Weeknd,92.0,2017,Musicians
Howard Stern,90.0,2017,Personalities
Coldplay,88.0,2017,Musicians
James Patterson,87.0,2017,Authors
Guns N' Roses,84.0,2017,Musicians
Rush Limbaugh,84.0,2017,Personalities
Justin Bieber,83.5,2017,Musicians
Dr. Phil McGraw,79.0,2017,Personalities
Ellen DeGeneres,77.0,2017,Personalities
Bruce Springsteen,75.0,2017,Musicians
Adele,69.0,2017,Musicians
Jerry Seinfeld,69.0,2017,Comedians
Mark Wahlberg,68.0,2017,Actors Actresses
Metallica,66.5,2017,Musicians
Dwayne Johnson,65.0,2017,Actors Actresses
David Copperfield,61.5,2017,Magicians
Garth Brooks,60.0,2017,Musicians
Elton John,60.0,2017,Musicians
Gordon Ramsay,60.0,2017,Personalities
Ryan Seacrest,58.0,2017,Personalities
Chris Rock,57.0,2017,Comedians
Vin Diesel,54.5,2017,Actors Actresses
Paul McCartney,54.0,2017,Musicians
Red Hot Chili Peppers,54.0,2017,Musicians
Louis C.K.,52.0,2017,Comedians
Jimmy Buffett,50.5,2017,Musicians
Adam Sandler,50.5,2017,Actors Actresses
Jackie Chan,49.0,2017,Actors Actresses
Calvin Harris,48.5,2017,Musicians
Robert Downey Jr.,48.0,2017,Actors Actresses
Dave Chappelle,47.0,2017,Comedians
Judy Sheindlin,47.0,2017,Personalities
Kim Kardashian,45.5,2017,Personalities
Taylor Swift,44.0,2017,Musicians
Simon Cowell,43.5,2017,Personalities
Tom Cruise,43.0,2017,Actors Actresses
Kenny Chesney,42.5,2017,Musicians
Steve Harvey,42.5,2017,Personalities
Luke Bryan,42.0,2017,Musicians
Celine Dion,42.0,2017,Musicians
Jay-Z,42.0,2017,Musicians
Sofia Vergara,41.5,2017,Actors Actresses
Kylie Jenner,41.0,2017,Personalities
Bruno Mars,39.0,2017,Musicians
Tom Cruise,43.0,2017,Actors Actresses
Kenny Chesney,42.5,2017,Musicians
Steve Harvey,42.5,2017,Personalities
Luke Bryan,42.0,2017,Musicians
Celine Dion,42.0,2017,Musicians
Jay-Z,42.0,2017,Musicians
Sofia Vergara,41.5,2017,Actors Actresses
Kylie Jenner,41.0,2017,Personalities
Bruno Mars,39.0,2017,Musicians
Tiesto,39.0,2017,Musicians
Shah Rukh Khan,38.0,2017,Actors Actresses
Jennifer Lopez,38.0,2017,Musicians
The Chainsmokers,38.0,2017,Musicians
Amy Schumer,37.5,2017,Comedians
Salman Khan,37.0,2017,Actors Actresses
Bill O'Reilly,37.0,2017,Personalities
Dolly Parton,37.0,2017,Musicians
Ed Sheeran,37.0,2017,Musicians
Sean Hannity,36.0,2017,Personalities
Rihanna,36.0,2017,Musicians
Bon Jovi,35.5,2017,Musicians
Akshay Kumar,35.5,2017,Actors Actresses
Billy Joel,35.0,2017,Musicians
Dr. Dre,34.5,2017,Musicians
Florida Georgia Line,34.5,2017,Musicians
Toby Keith,34.5,2017,Musicians
Britney Spears,34.0,2017,Musicians
Chance The Rapper,33.0,2017,Musicians
Katy Perry,33.0,2017,Musicians
Jason Aldean,32.5,2017,Musicians
Kevin Hart,32.5,2017,Comedians
George Clooney,239.0,2018,Actors Actresses
Kylie Jenner,166.5,2018,Personalities
Judy Sheindlin,147.0,2018,Personalities
Dwayne Johnson,124.0,2018,Actors Actresses
U2,118.0,2018,Musicians
Coldplay,115.5,2018,Musicians
Ed Sheeran,110.0,2018,Musicians
Bruno Mars,100.0,2018,Musicians
Howard Stern,90.0,2018,Personalities
Ellen DeGeneres,87.5,2018,Personalities
James Patterson,86.0,2018,Authors
Rush Limbaugh,84.5,2018,Personalities
Katy Perry,83.0,2018,Musicians
Robert Downey Jr.,81.0,2018,Actors Actresses
Taylor Swift,80.0,2018,Musicians
Dr. Phil McGraw,77.5,2018,Personalities
Jay-Z,76.5,2018,Musicians
Ryan Seacrest,74.0,2018,Personalities
Guns N' Roses,71.0,2018,Musicians
Roger Waters,68.0,2018,Musicians
Kim Kardashian,67.0,2018,Personalities
Chris Hemsworth,64.5,2018,Actors Actresses
Sean (Diddy) Combs,64.0,2018,Musicians
David Copperfield,62.0,2018,Magicians
Gordon Ramsay,62.0,2018,Personalities
Beyonce Knowles,60.0,2018,Musicians
Kendrick Lamar,58.0,2018,Musicians
Jerry Seinfeld,57.5,2018,Comedians
Kevin Hart,57.0,2018,Comedians
The Weeknd,57.0,2018,Musicians
The Eagles,56.0,2018,Musicians
J.K. Rowling,54.0,2018,Authors
Depeche Mode,53.0,2018,Musicians
Luke Bryan,52.0,2018,Musicians
Pink,52.0,2018,Musicians
Jimmy Buffett,51.0,2018,Musicians
Lady Gaga,50.0,2018,Musicians
Calvin Harris,48.0,2018,Musicians
Paul McCartney,47.5,2018,Musicians
Drake,47.0,2018,Musicians
Foo Fighters,47.0,2018,Musicians
Jennifer Lopez,47.0,2018,Musicians
Elton John,46.0,2018,Musicians
Metallica,46.0,2018,Musicians
Garth Brooks,45.5,2018,Musicians
Jackie Chan,45.5,2018,Actors Actresses
Paul McCartney,47.5,2018,Musicians
Drake,47.0,2018,Musicians
Foo Fighters,47.0,2018,Musicians
Jennifer Lopez,47.0,2018,Musicians
Elton John,46.0,2018,Musicians
Metallica,46.0,2018,Musicians
Garth Brooks,45.5,2018,Musicians
Jackie Chan,45.5,2018,Actors Actresses
The Chainsmokers,45.5,2018,Musicians
Steve Harvey,44.0,2018,Personalities
Simon Cowell,43.5,2018,Personalities
Billy Joel,43.5,2018,Musicians
Sofia Vergara,42.5,2018,Actors Actresses
Will Smith,42.0,2018,Actors Actresses
Scarlett Johansson,40.5,2018,Actors Actresses
Akshay Kumar,40.5,2018,Actors Actresses
Adam Sandler,39.5,2018,Actors Actresses
Rolling Stones,39.0,2018,Musicians
Salman Khan,37.7,2018,Actors Actresses
Kris Jenner,37.5,2018,Personalities
Rihanna,37.5,2018,Musicians
Bruce Springsteen,37.5,2018,Musicians
Kenny Chesney,37.0,2018,Musicians
Imagine Dragons,36.5,2018,Musicians
Sean Hannity,36.0,2018,Personalities
J. Cole,35.5,2018,Musicians
Dave Chappelle,35.0,2018,Comedians
Dr. Dre,35.0,2018,Musicians
Nas,35.0,2018,Musicians
Taylor Swift,185.0,2019,Musicians
Kylie Jenner,170.0,2019,Personalities
Kanye West,150.0,2019,Musicians
Ed Sheeran,110.0,2019,Musicians
The Eagles,100.0,2019,Musicians
Dr. Phil McGraw,95.0,2019,Personalities
Howard Stern,93.0,2019,Personalities
J.K. Rowling,92.0,2019,Authors
Dwayne Johnson,89.4,2019,Actors Actresses
Rush Limbaugh,87.0,2019,Personalities
Elton John,84.0,2019,Musicians
Jay-Z,81.0,2019,Musicians
Beyonce Knowles,81.0,2019,Musicians
Ellen DeGeneres,80.5,2019,Personalities
Chris Hemsworth,76.4,2019,Actors Actresses
Drake,75.0,2019,Musicians
Kim Kardashian,72.0,2019,Personalities
Ryan Seacrest,71.5,2019,Personalities
Sean (Diddy) Combs,70.0,2019,Musicians
James Patterson,70.0,2019,Authors
Metallica,68.5,2019,Musicians
Robert Downey Jr.,66.0,2019,Actors Actresses
Akshay Kumar,65.0,2019,Actors Actresses
Gordon Ramsay,63.0,2019,Personalities
Rihanna,62.0,2019,Musicians
David Copperfield,60.0,2019,Magicians
Kevin Hart,59.0,2019,Comedians
Jackie Chan,58.0,2019,Actors Actresses
Travis Scott,58.0,2019,Musicians
Katy Perry,57.5,2019,Musicians
Justin Timberlake,57.5,2019,Musicians
BTS,57.0,2019,Musicians
Bradley Cooper,57.0,2019,Actors Actresses
Pink,57.0,2019,Musicians
Adam Sandler,57.0,2019,Actors Actresses
Scarlett Johansson,56.0,2019,Actors Actresses
Billy Joel,52.0,2019,Musicians
Bruno Mars,51.5,2019,Musicians
Jimmy Buffett,50.0,2019,Musicians
Eminem,50.0,2019,Musicians
Fleetwood Mac,49.0,2019,Musicians
Judy Sheindlin,49.0,2019,Personalities
Billy Joel,52.0,2019,Musicians
Bruno Mars,51.5,2019,Musicians
Jimmy Buffett,50.0,2019,Musicians
Eminem,50.0,2019,Musicians
Fleetwood Mac,49.0,2019,Musicians
Judy Sheindlin,49.0,2019,Personalities
Ariana Grande,48.0,2019,Musicians
Paul McCartney,48.0,2019,Musicians
Sean Hannity,46.0,2019,Personalities
The Chainsmokers,46.0,2019,Musicians
Steve Harvey,45.0,2019,Personalities
Guns N' Roses,44.0,2019,Musicians
Chris Evans,43.5,2019,Actors Actresses
Jennifer Lopez,43.0,2019,Musicians
Sofia Vergara,43.0,2019,Actors Actresses
Luke Bryan,42.5,2019,Musicians
Simon Cowell,42.0,2019,Personalities
Paul Rudd,41.0,2019,Actors Actresses
Jerry Seinfeld,41.0,2019,Comedians
Rolling Stones,41.0,2019,Musicians
DJ Khaled,40.0,2019,Musicians
Marshmello,40.0,2019,Musicians
The Weeknd,40.0,2019,Musicians
Lady Gaga,39.5,2019,Musicians
Dave Matthews Band,39.0,2019,Musicians
Zac Brown Band,38.5,2019,Musicians
Calvin Harris,38.5,2019,Musicians
Kendrick Lamar,38.5,2019,Musicians
Shawn Mendes,38.0,2019,Musicians
Celine Dion,37.5,2019,Musicians
